Customer ID,Cluster Demo,recency,frequency,monetary,segment_overall_scoring,RFM_cluster
FC-14335,4,184.0,10,3889.366,B,Recent Customer
JP-15520,0,8.0,16,3635.594,B,Recent Customer
SR-20425,0,8.0,9,3233.4810000000007,B,Recent Customer
ST-20530,2,125.0,12,433.34000000000003,B,Recent Customer
JL-15130,3,8.0,12,1214.956,B,Recent Customer
BM-11140,1,307.0,16,11789.63,B,Big Amount Sales
SG-20470,2,183.0,14,1884.7979999999998,B,Recent Customer
CM-12445,3,436.0,9,287.99,C,Almost Lost
DM-12955,4,114.0,9,1322.034,C,Recent Customer
TS-21610,0,55.0,11,2820.424,B,Recent Customer
BN-11515,1,9.0,17,1459.344,B,Recent Customer
DP-13165,2,812.0,4,1058.616,C,Lost Cheap Customer
CV-12295,1,254.0,13,2830.628,B,Others
KH-16510,1,22.0,23,5952.859,A,Others
SH-19975,1,29.0,29,3406.8395,A,Others
DK-13225,2,10.0,19,4802.394,A,Others
SC-20305,0,29.0,12,3979.065,B,Recent Customer
AS-10090,2,28.0,25,3255.31,A,Others
RD-19720,3,21.0,20,1419.737,B,Others
BS-11800,0,265.0,8,949.4300000000001,C,Almost Lost
CS-12175,1,232.0,8,844.4580000000001,C,Almost Lost
HH-15010,0,72.0,6,218.668,C,Recent Customer
DJ-13420,1,637.0,5,2012.52,C,Lost Cheap Customer
AD-10180,0,29.0,12,6106.88,B,Recent Customer
AG-10675,1,97.0,15,3489.0396,B,Recent Customer
CP-12340,2,160.0,15,5888.275000000001,B,Recent Customer
SC-20575,2,92.0,7,902.7280000000001,C,Recent Customer
ML-18265,3,100.0,3,162.232,C,Recent Customer
PB-19105,1,57.0,5,688.3240000000001,C,Recent Customer
RD-19480,1,72.0,15,4272.93,B,Recent Customer
SZ-20035,4,35.0,20,3625.329,A,Others
GB-14575,3,13.0,16,4716.288,B,Recent Customer
PT-19090,1,71.0,7,160.572,C,Recent Customer
JK-16120,3,117.0,17,2932.484,B,Recent Customer
KD-16615,0,289.0,13,2243.51,C,Almost Lost
RB-19435,2,19.0,16,2663.0860000000002,B,Recent Customer
KM-16225,0,14.0,19,2260.958,B,Others
AH-10120,4,60.0,16,1735.5140000000001,B,Recent Customer
KH-16630,0,58.0,17,3918.9660000000003,B,Recent Customer
JF-15355,4,105.0,16,1911.844,B,Recent Customer
SG-20080,2,8.0,11,3406.581,B,Recent Customer
MG-17890,2,99.0,13,776.384,B,Recent Customer
CR-12625,0,470.0,4,475.9000000000001,C,Almost Lost
AA-10375,0,19.0,15,1056.39,B,Recent Customer
KT-16465,4,391.0,14,3057.1,B,Others
SB-20290,0,47.0,17,8057.891,A,Others
AT-10735,2,13.0,16,3831.864,B,Recent Customer
MS-17830,1,452.0,5,370.34799999999996,C,Almost Lost
AG-10900,2,96.0,21,4510.7970000000005,A,Others
SC-20770,4,41.0,21,4492.657,A,Others
BT-11530,1,91.0,10,2684.492,C,Recent Customer
FM-14290,3,36.0,20,3736.1979999999994,A,Others
NG-18430,3,48.0,9,1395.9379999999999,C,Recent Customer
KW-16435,2,96.0,10,4416.5199999999995,B,Recent Customer
DD-13570,4,41.0,9,269.54200000000003,C,Recent Customer
SA-20830,4,63.0,21,4767.3415,A,Others
DP-13000,1,126.0,17,1050.636,B,Recent Customer
DK-13090,1,42.0,13,2650.557,B,Recent Customer
DV-13045,0,19.0,9,1119.4830000000002,C,Recent Customer
TC-21145,1,106.0,4,1038.26,C,Recent Customer
JD-15895,3,394.0,32,7610.864,A,Others
RB-19330,0,68.0,6,1008.1959999999999,C,Recent Customer
CS-11845,3,91.0,8,1278.9540000000002,C,Recent Customer
SF-20200,1,59.0,15,3422.7859999999996,B,Recent Customer
DA-13450,0,352.0,8,156.76,C,Almost Lost
PC-18745,1,2.0,5,1832.064,C,Recent Customer
ON-18715,2,410.0,15,1567.52,C,Almost Lost
EN-13780,0,287.0,9,2199.366,C,Almost Lost
DK-12985,0,7.0,8,1687.04,C,Recent Customer
RM-19675,0,6.0,11,5979.0960000000005,B,Recent Customer
SV-20785,0,320.0,25,4105.305,B,Loyal Customer
DK-13375,1,19.0,23,3318.486,A,Others
JK-15205,1,61.0,13,4427.142,B,Recent Customer
AC-10420,1,232.0,5,925.8000000000001,C,Almost Lost
JC-16105,0,57.0,9,858.576,C,Recent Customer
SK-19990,0,8.0,5,883.409,C,Recent Customer
JM-15655,1,8.0,12,864.947,B,Recent Customer
JP-15460,2,37.0,15,1669.135,B,Recent Customer
MC-18100,0,41.0,19,2218.98,B,Others
JF-15415,1,2.0,14,2371.448,B,Recent Customer
EB-13750,2,35.0,20,3236.314,A,Others
BF-11005,1,39.0,10,1333.88,C,Recent Customer
AB-10255,4,166.0,14,914.532,B,Recent Customer
MW-18220,0,17.0,14,5341.900000000001,B,Recent Customer
CS-12130,1,489.0,7,884.6400000000001,C,Almost Lost
JG-15115,4,758.0,7,2358.676,C,Lost Cheap Customer
TA-21385,0,69.0,10,14595.62,B,Others
PO-18850,1,4.0,22,7473.828200000001,A,Best Customer
JK-15625,1,61.0,12,3760.028,B,Recent Customer
CC-12550,1,27.0,4,113.832,C,Recent Customer
ND-18370,1,27.0,18,4326.139,A,Others
KB-16585,1,230.0,23,2744.742,B,Loyal Customer
DR-12880,2,3.0,24,6528.034000000001,A,Others
RH-19555,4,519.0,3,740.382,C,Almost Lost
BD-11500,1,35.0,10,4411.243,B,Recent Customer
JS-16030,2,28.0,18,2516.494,B,Others
MH-17620,1,155.0,6,1252.8000000000002,C,Recent Customer
RB-19465,1,9.0,23,4715.466,A,Others
NL-18310,1,58.0,10,1418.0900000000001,C,Recent Customer
TG-21310,1,337.0,9,3058.3720000000003,C,Almost Lost
PL-18925,0,15.0,8,239.48100000000005,C,Recent Customer
SW-20350,1,162.0,6,1019.0440000000001,C,Recent Customer
BS-11590,0,35.0,10,2454.9280000000003,C,Recent Customer
SR-20740,1,196.0,12,4345.8859999999995,B,Recent Customer
KF-16285,1,97.0,18,10604.266000000001,A,Best Customer
NG-18355,1,48.0,16,1869.58,B,Recent Customer
HK-14890,4,151.0,15,4877.784,B,Recent Customer
CD-12280,3,42.0,13,1205.584,B,Recent Customer
SP-20650,1,386.0,15,1872.4360000000001,C,Almost Lost
LC-17050,1,54.0,9,2095.064,C,Recent Customer
NS-18640,3,174.0,26,2964.823,A,Others
SC-20260,0,187.0,18,3729.7929999999997,A,Others
VP-21760,2,75.0,14,3360.5260000000003,B,Recent Customer
AP-10915,3,98.0,31,3323.5560000000005,A,Others
DM-13345,0,22.0,13,4074.4720000000007,B,Recent Customer
PA-19060,1,103.0,7,729.408,C,Recent Customer
RB-19705,0,54.0,7,2067.45,C,Recent Customer
AB-10165,1,25.0,14,1113.838,B,Recent Customer
RE-19450,0,302.0,9,876.696,C,Almost Lost
OT-18730,1,65.0,10,3818.6240000000003,B,Recent Customer
MS-17770,3,121.0,19,3144.678,A,Others
TB-21355,2,146.0,13,834.328,B,Recent Customer
NH-18610,1,189.0,11,2673.29,B,Recent Customer
MF-18250,1,7.0,12,1758.3,B,Recent Customer
JM-15865,2,109.0,13,7625.076000000001,A,Others
JB-16000,1,43.0,7,644.1188,C,Recent Customer
JW-15220,1,42.0,14,7721.714,A,Others
CK-12205,2,39.0,32,3154.855,A,Others
EB-13930,0,161.0,7,944.6,C,Recent Customer
GP-14740,0,765.0,5,236.53000000000003,C,Lost Cheap Customer
RH-19495,2,32.0,8,3621.3759999999997,B,Recent Customer
LS-16975,3,20.0,22,2988.674,A,Others
AS-10135,0,41.0,3,58.82,C,Recent Customer
BP-11050,0,83.0,7,983.42,C,Recent Customer
DW-13585,4,242.0,10,1204.854,C,Almost Lost
BN-11470,1,24.0,6,265.296,C,Recent Customer
TB-21400,1,202.0,17,9133.99,A,Others
BD-11605,0,97.0,20,3288.471,A,Others
LA-16780,0,154.0,26,8673.222,A,Best Customer
KS-16300,2,295.0,4,88.47200000000001,C,Almost Lost
SC-20380,1,30.0,20,5992.536,A,Others
JW-15955,1,5.0,11,1244.086,B,Recent Customer
AF-10885,1,415.0,7,861.565,C,Almost Lost
RR-19315,3,19.0,4,615.932,C,Recent Customer
MC-17605,0,112.0,18,2258.192,B,Others
MT-17815,1,49.0,10,2890.139,B,Recent Customer
CA-12775,2,120.0,17,3041.566,B,Recent Customer
LW-17125,0,205.0,5,1259.04,C,Recent Customer
FG-14260,0,34.0,11,1383.144,B,Recent Customer
Dp-13240,3,84.0,29,7198.7609999999995,A,Best Customer
SG-20890,1,226.0,5,47.946,C,Almost Lost
BD-11560,2,278.0,4,320.54,C,Almost Lost
JM-15265,0,37.0,13,1804.146,B,Recent Customer
SU-20665,1,20.0,18,2595.364,B,Others
YC-21895,2,4.0,8,5454.35,B,Recent Customer
JO-15550,1,215.0,11,1090.8380000000002,C,Almost Lost
LC-16960,0,436.0,7,3246.626,C,Almost Lost
BD-11770,0,327.0,10,658.466,C,Almost Lost
TT-21070,1,31.0,14,4915.602,B,Recent Customer
DB-13405,2,187.0,14,1711.692,B,Recent Customer
TD-20995,1,37.0,16,1434.548,B,Recent Customer
BE-11410,0,98.0,5,2261.438,C,Recent Customer
JF-15295,1,225.0,14,955.124,C,Almost Lost
LH-17020,2,239.0,6,318.23900000000003,C,Almost Lost
MH-17290,0,119.0,13,2394.025,B,Recent Customer
SC-20020,3,781.0,17,3362.9636,C,Lost Customer
BK-11260,2,77.0,16,659.138,B,Recent Customer
SN-20710,0,79.0,19,3127.9592,A,Others
PR-18880,0,36.0,12,1840.178,B,Recent Customer
PN-18775,1,30.0,13,1467.152,B,Recent Customer
CM-12385,3,37.0,10,8954.02,B,Others
PO-19180,0,160.0,18,4893.043,A,Others
DO-13645,2,26.0,11,1267.316,B,Recent Customer
RD-19810,0,14.0,16,1137.616,B,Recent Customer
SC-20095,1,349.0,22,14142.333999999999,A,Others
AC-10450,0,11.0,9,5527.846,B,Recent Customer
EM-14140,1,48.0,21,4588.436,A,Others
KM-16660,0,15.0,9,453.538,C,Recent Customer
NP-18685,2,406.0,7,1228.698,C,Almost Lost
LR-16915,0,26.0,16,5142.892,B,Recent Customer
EL-13735,0,77.0,2,124.28,C,Recent Customer
RL-19615,0,121.0,24,6234.91,A,Others
GH-14425,1,50.0,10,4172.8460000000005,B,Recent Customer
TR-21325,2,193.0,7,675.9419999999999,C,Recent Customer
JS-15685,1,42.0,11,1131.064,B,Recent Customer
SP-20620,2,47.0,24,5440.319,A,Others
ED-13885,3,135.0,14,3484.92,B,Recent Customer
MP-17470,0,719.0,14,3206.132,C,Lost Customer
SV-20815,3,76.0,6,1271.0900000000001,C,Recent Customer
PF-19120,1,835.0,19,9062.864000000001,B,Others
RP-19390,0,33.0,25,5153.084000000001,A,Others
VM-21685,0,54.0,12,2454.866,B,Recent Customer
JL-15850,1,614.0,11,2725.256,C,Lost Cheap Customer
HE-14800,0,12.0,11,883.5319999999999,B,Recent Customer
LH-16900,3,21.0,15,2295.332,B,Recent Customer
BM-11575,0,100.0,10,808.162,C,Recent Customer
PF-19225,1,114.0,10,2206.128,C,Recent Customer
EJ-14155,0,57.0,8,2656.691,C,Recent Customer
HJ-14875,0,126.0,6,358.1,C,Recent Customer
VG-21790,0,154.0,8,846.01,C,Recent Customer
FA-14230,0,97.0,17,2984.054,B,Recent Customer
KN-16450,3,52.0,8,2171.962,C,Recent Customer
PJ-18835,2,39.0,13,1220.0900000000001,B,Recent Customer
AZ-10750,3,160.0,12,1622.018,B,Recent Customer
IM-15055,2,409.0,4,2872.6300000000006,C,Almost Lost
AG-10765,1,77.0,5,170.584,C,Recent Customer
RF-19345,2,390.0,16,3309.15,B,Others
VT-21700,0,1000.0,9,1736.596,C,Lost Cheap Customer
LC-17140,2,13.0,19,2633.582,B,Others
BP-11155,2,89.0,11,1697.8609999999999,B,Recent Customer
HF-14995,0,21.0,19,2533.164,B,Others
NC-18340,0,224.0,17,2461.404,C,Almost Lost
SS-20875,4,120.0,15,964.6360000000001,B,Recent Customer
EM-14065,3,47.0,6,228.99,C,Recent Customer
SF-20965,2,48.0,17,3336.5350000000003,B,Recent Customer
KL-16645,0,47.0,29,14175.229000000001,A,Best Customer
TP-21565,3,350.0,10,1936.6400000000003,C,Almost Lost
JR-16210,0,33.0,10,2201.686,C,Recent Customer
IM-15070,2,390.0,21,4930.474,B,Loyal Customer
RA-19285,2,5.0,17,2617.906,B,Recent Customer
HG-14845,2,54.0,10,785.628,C,Recent Customer
TC-20980,3,399.0,12,19052.217999999997,B,Big Amount Sales
HG-15025,0,6.0,11,3690.284,B,Recent Customer
AC-10615,2,6.0,18,2537.6859999999997,B,Others
DP-13390,0,358.0,14,5480.724,B,Others
AH-10210,0,6.0,13,4805.344,B,Recent Customer
HR-14770,4,13.0,13,1299.288,B,Recent Customer
AB-10060,0,54.0,18,7755.620000000001,A,Best Customer
YS-21880,0,9.0,12,6720.444,B,Recent Customer
AB-10105,0,41.0,20,14473.570999999998,A,Best Customer
AR-10510,0,14.0,7,264.86400000000003,C,Recent Customer
TB-21175,1,58.0,11,3589.296,B,Recent Customer
RF-19840,0,6.0,11,945.222,B,Recent Customer
BH-11710,1,23.0,24,6255.351000000001,A,Others
KD-16270,0,484.0,16,8282.358,B,Big Amount Sales
DP-13105,0,6.0,14,2215.0020000000004,B,Recent Customer
BS-11665,2,582.0,11,3288.1100000000006,C,Lost Customer
DO-13435,3,133.0,13,1300.0315,B,Recent Customer
EH-13765,2,135.0,32,10310.880000000001,A,Best Customer
FC-14245,3,70.0,14,3418.742,B,Recent Customer
RD-19585,4,180.0,19,2912.8940000000002,A,Others
MY-18295,0,71.0,21,4152.696,A,Others
MM-18280,3,85.0,12,775.414,B,Recent Customer
PM-18940,3,386.0,4,1405.402,C,Almost Lost
SS-20515,1,491.0,6,613.4,C,Almost Lost
CJ-12010,0,189.0,20,11164.974,A,Best Customer
BO-11350,0,137.0,12,2682.728,B,Recent Customer
TS-21430,3,172.0,7,2054.14,C,Recent Customer
TB-21250,1,349.0,19,1602.3760000000002,B,Loyal Customer
CR-12580,1,57.0,6,2148.852,C,Recent Customer
GM-14680,1,152.0,11,3163.628,B,Recent Customer
AH-10030,2,12.0,11,1744.7,B,Recent Customer
JR-15670,1,593.0,3,1156.6580000000001,C,Lost Cheap Customer
DB-13615,0,33.0,11,1989.05,B,Recent Customer
TC-21535,1,4.0,10,742.5580000000001,C,Recent Customer
SC-20050,1,40.0,15,4624.572,B,Recent Customer
LC-16870,1,27.0,30,2580.704,B,Others
AA-10315,3,184.0,11,5563.56,B,Recent Customer
PJ-19015,0,134.0,10,1824.2340000000002,C,Recent Customer
PK-19075,4,9.0,25,8646.934000000001,A,Best Customer
RH-19600,2,534.0,11,2085.7400000000002,C,Almost Lost
JM-15535,0,102.0,10,1733.4430000000002,C,Recent Customer
FP-14320,3,23.0,14,4046.746,B,Recent Customer
BM-11785,2,218.0,14,1338.8419999999999,C,Almost Lost
NW-18400,2,172.0,22,7234.014,A,Best Customer
MZ-17335,1,30.0,6,593.606,C,Recent Customer
DW-13480,3,217.0,11,5271.628000000001,B,Others
JE-15715,0,46.0,22,8697.843,A,Best Customer
MC-17845,3,1.0,14,3805.714,B,Recent Customer
MG-18145,0,84.0,8,3061.5429999999997,B,Recent Customer
JC-15775,2,158.0,16,2772.0550000000003,B,Recent Customer
DL-13330,3,57.0,8,585.02,C,Recent Customer
TM-21490,0,130.0,4,1094.6779999999999,C,Recent Customer
VW-21775,2,28.0,18,6134.0380000000005,A,Others
CM-12115,1,8.0,7,1661.6100000000001,C,Recent Customer
JG-15160,3,1.0,18,6366.392,A,Others
PS-18760,2,107.0,21,2181.479,B,Others
NP-18700,2,138.0,13,7903.1825,A,Others
JE-15475,1,193.0,13,1388.682,B,Recent Customer
CA-11965,0,96.0,10,3789.7228,B,Recent Customer
KH-16330,2,40.0,18,3312.864,A,Others
AB-10600,1,50.0,8,1515.862,C,Recent Customer
ND-18460,1,183.0,8,2893.4550000000004,B,Recent Customer
JS-15880,3,534.0,9,3868.02,C,Almost Lost
AG-10270,4,278.0,14,2582.8979999999997,C,Almost Lost
BF-10975,0,91.0,13,599.798,B,Recent Customer
JC-15340,2,114.0,4,71.263,C,Recent Customer
AS-10045,2,88.0,10,3050.692,B,Recent Customer
MC-17275,1,76.0,13,2725.982,B,Recent Customer
RR-19525,2,170.0,10,3302.262,B,Recent Customer
SO-20335,0,29.0,15,2602.5755,B,Recent Customer
SF-20065,0,59.0,9,763.5459999999999,C,Recent Customer
SP-20920,2,70.0,14,3990.689,B,Recent Customer
AG-10390,4,114.0,8,200.945,C,Recent Customer
CA-12265,2,56.0,17,2648.2872,B,Recent Customer
CP-12085,4,82.0,14,5402.253999999999,B,Recent Customer
SC-20230,3,149.0,11,4371.9580000000005,B,Recent Customer
DB-13270,0,53.0,13,4655.897,B,Recent Customer
PS-19045,0,236.0,13,6843.634,B,Others
SM-20005,3,421.0,6,244.494,C,Almost Lost
JB-15925,3,737.0,8,900.5520000000001,C,Lost Cheap Customer
AR-10570,1,534.0,2,88.15,C,Almost Lost
GK-14620,1,112.0,14,6497.27,B,Recent Customer
DB-13120,1,48.0,14,2973.094,B,Recent Customer
RO-19780,2,35.0,12,3815.478,B,Recent Customer
SC-20725,1,187.0,26,5226.21,A,Others
NM-18520,0,244.0,15,2161.979,C,Almost Lost
RB-19570,3,25.0,9,528.546,C,Recent Customer
SG-20605,0,108.0,13,3124.832,B,Recent Customer
DL-12925,0,57.0,14,3272.2,B,Recent Customer
CY-12745,3,60.0,11,2900.0260000000003,B,Recent Customer
SM-20320,4,79.0,15,25043.05,A,Others
CS-12505,1,58.0,9,5690.055,B,Recent Customer
GD-14590,0,5.0,6,1888.07,C,Recent Customer
SC-20845,3,131.0,4,280.632,C,Recent Customer
BM-11650,0,33.0,29,7294.185,A,Best Customer
EH-14125,0,152.0,18,3082.6530000000002,A,Others
RW-19630,0,89.0,16,3279.746,B,Recent Customer
BF-11170,3,16.0,27,5907.972000000001,A,Others
KL-16555,2,16.0,22,5016.488,A,Others
SC-20440,4,36.0,10,1874.998,C,Recent Customer
FH-14350,1,212.0,14,2271.284,B,Recent Customer
LW-16990,1,33.0,11,3230.308,B,Recent Customer
FM-14380,0,145.0,14,2523.266,B,Recent Customer
AH-10465,0,230.0,8,2495.3916,C,Almost Lost
GM-14695,0,117.0,11,6049.965999999999,B,Recent Customer
PV-18985,1,89.0,13,2876.046,B,Recent Customer
GH-14410,2,75.0,17,2819.467,B,Recent Customer
KC-16255,0,407.0,10,2120.954,C,Almost Lost
JF-15490,3,121.0,15,1082.9180000000001,B,Recent Customer
VS-21820,3,221.0,8,1055.981,C,Almost Lost
MC-17635,3,189.0,8,795.154,C,Recent Customer
AP-10720,2,41.0,19,1638.554,B,Others
GT-14710,2,36.0,29,11820.12,A,Best Customer
PG-18895,3,57.0,17,1987.1640000000002,B,Recent Customer
DM-13525,0,481.0,10,1376.792,C,Almost Lost
MS-17530,0,434.0,7,475.65599999999995,C,Almost Lost
MS-17365,4,273.0,24,7443.6900000000005,A,Others
JA-15970,0,92.0,24,6491.026000000001,A,Others
LT-17110,2,34.0,14,2936.252,B,Recent Customer
TS-21655,4,238.0,14,3368.094,B,Others
CM-12655,3,27.0,10,6339.5576,B,Recent Customer
JL-15835,0,21.0,34,9799.923,A,Best Customer
JL-15175,3,6.0,7,1571.5230000000001,C,Recent Customer
DN-13690,1,217.0,11,2139.79,C,Almost Lost
SW-20755,1,534.0,8,758.6959999999999,C,Almost Lost
BD-11620,2,69.0,8,1538.1100000000001,C,Recent Customer
DH-13075,1,277.0,23,4932.872,B,Loyal Customer
BF-11275,0,57.0,4,791.99,C,Recent Customer
CC-12145,0,106.0,11,2471.65,B,Recent Customer
Dl-13600,0,119.0,6,755.602,C,Recent Customer
MH-17440,0,376.0,9,400.01599999999996,C,Almost Lost
SS-20410,3,110.0,12,3056.807,B,Recent Customer
CM-12235,1,385.0,8,2305.712,C,Almost Lost
ES-14080,1,28.0,20,4657.924,A,Others
TB-21280,0,583.0,11,2198.45,C,Lost Cheap Customer
MV-17485,1,27.0,15,1560.05,B,Recent Customer
SC-20695,0,89.0,14,2576.408,B,Recent Customer
CJ-11875,2,365.0,1,16.520000000000003,C,Almost Lost
SS-20140,1,15.0,21,1324.028,B,Others
EM-14200,3,158.0,4,366.822,C,Recent Customer
FM-14215,2,7.0,15,2456.638,B,Recent Customer
RS-19765,3,36.0,14,4159.7699999999995,B,Recent Customer
KT-16480,0,100.0,13,4642.0884,B,Recent Customer
RB-19645,3,648.0,7,221.084,C,Lost Cheap Customer
RA-19915,4,12.0,22,4793.543000000001,A,Others
RE-19405,0,1097.0,1,48.36,C,Lost Cheap Customer
BF-11215,3,65.0,8,1585.162,C,Recent Customer
ZC-21910,3,54.0,31,8025.707,A,Best Customer
TB-21595,0,285.0,7,1387.559,C,Almost Lost
MF-17665,2,421.0,8,937.0390000000001,C,Almost Lost
NM-18445,1,160.0,14,6459.344,B,Recent Customer
FW-14395,4,362.0,3,79.75,C,Almost Lost
CC-12430,0,0.0,19,2870.05,A,Others
AW-10840,3,20.0,8,649.3760000000001,C,Recent Customer
MO-17800,0,104.0,11,1687.027,B,Recent Customer
RA-19945,0,61.0,9,1686.9225000000001,C,Recent Customer
JD-15790,0,117.0,7,2152.352,C,Recent Customer
LF-17185,0,22.0,16,3930.508999999999,B,Recent Customer
KH-16690,0,2.0,15,5990.799000000001,B,Recent Customer
JD-16015,1,112.0,11,385.43000000000006,B,Recent Customer
MN-17935,1,34.0,10,2477.9460000000004,C,Recent Customer
JR-15700,0,68.0,1,863.8799999999999,C,Recent Customer
BG-11035,4,28.0,12,2798.948,B,Recent Customer
ME-17320,2,42.0,22,10663.728000000001,A,Best Customer
RC-19825,1,369.0,10,966.409,C,Almost Lost
CC-12610,0,34.0,12,2540.631,B,Recent Customer
SD-20485,0,200.0,21,6121.114,A,Others
GA-14515,1,149.0,14,3919.7760000000003,B,Recent Customer
CG-12040,0,49.0,9,904.4680000000001,C,Recent Customer
CM-12160,0,26.0,7,2533.314,C,Recent Customer
VB-21745,2,54.0,10,2005.596,C,Recent Customer
NK-18490,3,70.0,11,572.048,B,Recent Customer
DC-13285,0,23.0,7,1174.618,C,Recent Customer
MB-17305,0,48.0,19,1548.702,B,Others
ML-17395,1,69.0,20,2722.843,B,Others
CK-12595,0,43.0,25,2372.75,B,Others
PS-18970,3,69.0,13,1278.639,B,Recent Customer
CM-12190,3,8.0,7,1475.144,C,Recent Customer
EB-13975,0,0.0,6,1643.255,C,Recent Customer
CC-12475,0,39.0,13,1659.438,B,Recent Customer
EH-13945,2,217.0,17,684.171,C,Almost Lost
TW-21025,3,64.0,12,5278.826,B,Recent Customer
DE-13255,4,719.0,9,2550.874,C,Lost Cheap Customer
ML-17410,3,54.0,15,2921.5,B,Recent Customer
RH-19510,0,467.0,12,6979.18,B,Others
HD-14785,0,769.0,7,251.35999999999999,C,Lost Cheap Customer
BP-11095,3,17.0,20,2442.044,B,Others
DW-13195,2,69.0,9,1080.751,C,Recent Customer
SP-20545,2,327.0,10,1306.086,C,Almost Lost
JJ-15445,2,483.0,6,709.178,C,Almost Lost
PC-19000,2,882.0,3,1061.488,C,Lost Cheap Customer
RP-19270,3,496.0,12,954.6451999999999,C,Almost Lost
SM-20950,0,25.0,22,5563.392,A,Others
SP-20860,2,79.0,24,4282.9400000000005,A,Others
DB-12970,3,241.0,14,2839.2272,B,Others
CG-12520,4,338.0,5,1148.78,C,Almost Lost
MG-17695,0,555.0,7,1342.2820000000002,C,Almost Lost
FO-14305,3,38.0,15,2678.438,B,Recent Customer
JH-15985,1,29.0,14,7954.9980000000005,A,Others
AJ-10795,3,166.0,21,4501.391,A,Others
BB-10990,3,105.0,8,744.34,C,Recent Customer
GT-14755,1,34.0,7,226.436,C,Recent Customer
CA-12055,1,401.0,10,1679.7240000000002,C,Almost Lost
GM-14455,4,16.0,12,3078.6240000000003,B,Recent Customer
BP-11290,0,12.0,16,2475.157,B,Recent Customer
RB-19795,0,32.0,18,5633.316000000001,A,Others
LP-17080,3,40.0,9,756.6059999999999,C,Recent Customer
LL-16840,0,249.0,12,2741.2039999999997,C,Almost Lost
DF-13135,0,700.0,6,2390.534,C,Lost Cheap Customer
DK-12895,1,45.0,15,4282.176,B,Recent Customer
AW-10930,4,46.0,16,2852.9680000000003,B,Recent Customer
JD-16060,2,300.0,6,695.442,C,Almost Lost
KD-16495,0,112.0,28,8181.256,A,Best Customer
GW-14605,3,28.0,9,2189.019,C,Recent Customer
TB-21520,4,107.0,20,4737.486000000001,A,Others
SS-20590,1,432.0,9,418.49,C,Almost Lost
CS-12250,3,26.0,28,2754.216,B,Others
JW-16075,2,461.0,7,1428.731,C,Almost Lost
AR-10345,0,111.0,5,1055.694,C,Recent Customer
CL-12700,1,105.0,8,2353.586,C,Recent Customer
HR-14830,2,159.0,14,5248.787,B,Recent Customer
BT-11440,0,560.0,7,603.876,C,Almost Lost
KN-16390,0,19.0,17,2617.272,B,Recent Customer
GZ-14470,0,7.0,14,4355.15,B,Recent Customer
TB-21625,0,30.0,15,2797.668,B,Recent Customer
TH-21550,2,72.0,13,4234.0960000000005,B,Recent Customer
EH-14005,1,2.0,11,1219.5300000000002,B,Recent Customer
MV-18190,3,19.0,11,1734.574,B,Recent Customer
LW-17215,0,21.0,15,5420.514,B,Recent Customer
MA-17560,0,64.0,34,4299.161,A,Others
MH-17785,2,98.0,11,2203.7780000000002,B,Recent Customer
AC-10660,2,282.0,6,657.316,C,Almost Lost
AB-10015,0,415.0,6,886.156,C,Almost Lost
MK-18160,4,240.0,11,1031.602,C,Almost Lost
BG-11695,2,36.0,8,1874.1719999999998,C,Recent Customer
BW-11200,2,203.0,10,1738.406,C,Recent Customer
SJ-20500,2,253.0,7,1318.776,C,Almost Lost
CR-12730,2,78.0,6,1600.55,C,Recent Customer
BP-11230,1,39.0,6,1181.49,C,Recent Customer
HZ-14950,0,35.0,6,886.52,C,Recent Customer
AM-10705,1,162.0,22,5664.022,A,Others
HW-14935,4,117.0,20,9300.254,A,Best Customer
EM-13825,3,55.0,16,2339.598,B,Recent Customer
GH-14665,3,2.0,3,146.9408,C,Recent Customer
CK-12760,2,82.0,14,1582.109,B,Recent Customer
AG-10525,2,845.0,9,1455.038,C,Lost Cheap Customer
ER-13855,3,421.0,5,1245.7880000000002,C,Almost Lost
JH-15910,2,41.0,9,959.477,C,Recent Customer
KD-16345,1,41.0,10,1888.964,C,Recent Customer
CR-12820,0,85.0,7,1397.8724,C,Recent Customer
CT-11995,3,96.0,18,3241.898,A,Others
FH-14275,1,37.0,21,4256.272,A,Others
JM-15250,0,37.0,19,3159.122,A,Others
AA-10480,1,259.0,12,1790.512,C,Almost Lost
JB-15400,1,7.0,16,1791.605,B,Recent Customer
DL-13315,0,22.0,17,1458.258,B,Recent Customer
MD-17350,2,117.0,17,3766.382,B,Recent Customer
CL-11890,2,106.0,7,1262.0140000000001,C,Recent Customer
SW-20455,0,162.0,9,2921.544,B,Recent Customer
BW-11065,1,212.0,3,385.516,C,Recent Customer
BS-11365,4,558.0,9,10501.653,B,Big Amount Sales
TB-21190,1,49.0,4,816.1740000000001,C,Recent Customer
NF-18475,4,525.0,4,377.16200000000003,C,Almost Lost
CD-11920,2,40.0,9,2033.968,C,Recent Customer
DJ-13630,4,12.0,8,3356.3979999999997,B,Recent Customer
SW-20245,0,81.0,10,1085.078,C,Recent Customer
TP-21130,1,8.0,16,4454.0560000000005,B,Recent Customer
LH-16750,1,151.0,3,287.426,C,Recent Customer
GH-14485,1,387.0,3,1361.2440000000004,C,Almost Lost
JC-15385,3,175.0,4,1058.1080000000002,C,Recent Customer
AS-10630,2,92.0,12,833.398,B,Recent Customer
AH-10690,1,410.0,23,7888.294,A,Others
KB-16600,1,1.0,9,983.9219999999999,C,Recent Customer
SJ-20215,0,29.0,10,1341.036,C,Recent Customer
NC-18415,0,41.0,14,2218.99,B,Recent Customer
NR-18550,1,210.0,13,2367.277,B,Recent Customer
MP-18175,0,16.0,19,5087.92,A,Others
EB-13870,3,100.0,11,2767.219,B,Recent Customer
NP-18670,0,58.0,10,3908.402,B,Recent Customer
NB-18580,0,1165.0,2,273.87199999999996,C,Lost Cheap Customer
KB-16405,3,117.0,9,908.821,C,Recent Customer
BP-11185,1,1.0,18,3675.8610000000003,A,Others
AR-10405,0,125.0,7,2236.1279999999997,C,Recent Customer
BS-11755,0,1.0,14,2562.382,B,Recent Customer
AJ-10945,4,85.0,10,1839.24,C,Recent Customer
MR-17545,0,125.0,6,639.178,C,Recent Customer
VG-21805,0,286.0,6,427.372,C,Almost Lost
AS-10285,1,19.0,8,3214.236,B,Recent Customer
XP-21865,1,43.0,28,2374.658,B,Others
CC-12100,0,457.0,13,1770.9450000000002,C,Almost Lost
JK-15730,3,84.0,20,4867.2,A,Others
MH-18025,3,49.0,10,2984.948,B,Recent Customer
AJ-10960,4,74.0,5,629.2479999999999,C,Recent Customer
SB-20170,2,201.0,7,1348.02,C,Recent Customer
CM-11935,4,708.0,4,565.3919999999999,C,Lost Cheap Customer
BO-11425,1,75.0,2,130.83,C,Recent Customer
MG-17680,0,92.0,10,2350.188,C,Recent Customer
MT-18070,2,203.0,11,1319.4497999999999,B,Recent Customer
EB-14170,0,82.0,7,1186.326,C,Recent Customer
TH-21235,0,117.0,13,1022.2010000000001,B,Recent Customer
AG-10300,1,118.0,5,367.548,C,Recent Customer
DS-13180,4,23.0,20,2881.8128,A,Others
MC-18130,3,369.0,11,1581.9979999999998,C,Almost Lost
LM-17065,0,391.0,7,1346.7740000000001,C,Almost Lost
BT-11485,0,659.0,3,415.19599999999997,C,Lost Cheap Customer
BB-11545,4,28.0,20,6765.728,A,Others
SH-20395,0,23.0,15,2180.718,B,Recent Customer
EM-13810,2,132.0,7,2567.01,C,Recent Customer
DK-13150,0,10.0,5,797.832,C,Recent Customer
BE-11455,4,254.0,13,1727.652,C,Almost Lost
PB-18805,3,25.0,10,740.356,C,Recent Customer
TS-21085,3,357.0,2,4.833000000000001,C,Almost Lost
LR-17035,0,132.0,12,1879.306,B,Recent Customer
RM-19375,2,345.0,9,1453.474,C,Almost Lost
NC-18625,0,204.0,9,1821.7420000000002,C,Recent Customer
TS-21160,0,504.0,17,2163.624,C,Almost Lost
BD-11320,0,33.0,19,5718.521000000001,A,Others
MO-17950,3,180.0,4,154.288,C,Recent Customer
AB-10150,3,41.0,12,966.71,B,Recent Customer
CL-12565,3,284.0,28,10880.546,A,Others
NS-18505,4,6.0,15,2575.863,B,Recent Customer
JE-15745,1,51.0,23,6760.8150000000005,A,Others
TH-21100,3,344.0,7,2422.824,C,Almost Lost
MH-17455,3,85.0,11,2456.1820000000002,B,Recent Customer
SW-20275,2,30.0,7,1966.65,C,Recent Customer
LH-17155,1,385.0,19,1739.689,B,Loyal Customer
MP-17965,3,72.0,20,3983.6420000000003,A,Others
BV-11245,2,334.0,14,1523.2730000000001,C,Almost Lost
RD-19930,3,42.0,10,970.9420000000001,C,Recent Customer
EB-13840,3,90.0,8,4358.128,B,Recent Customer
SC-20800,1,30.0,5,279.25600000000003,C,Recent Customer
NF-18385,0,79.0,14,8322.826000000001,A,Others
DC-12850,1,37.0,18,3336.1680000000006,A,Others
RS-19420,1,76.0,9,3221.29,B,Recent Customer
PF-19165,3,196.0,10,2770.0,C,Recent Customer
DB-12910,1,21.0,12,2171.599,B,Recent Customer
EB-13705,2,48.0,12,3644.978,B,Recent Customer
DH-13675,4,776.0,11,1043.096,C,Lost Cheap Customer
RM-19750,0,299.0,2,98.35,C,Almost Lost
AA-10645,0,55.0,18,5086.9349999999995,A,Others
MK-17905,0,28.0,17,2302.368,B,Recent Customer
TG-21640,1,114.0,10,2074.661,C,Recent Customer
RF-19735,2,89.0,14,2341.2960000000003,B,Recent Customer
SN-20560,3,111.0,15,1860.4179999999997,B,Recent Customer
JB-16045,0,7.0,9,2518.115,C,Recent Customer
DB-13555,0,107.0,14,3908.8028,B,Recent Customer
KM-16720,1,28.0,28,4909.472,A,Others
JK-15640,2,180.0,12,4760.434,B,Recent Customer
SJ-20125,1,95.0,24,3949.656,A,Others
CC-12685,2,799.0,12,2854.1150000000002,C,Lost Customer
AR-10540,0,6.0,9,6608.448,B,Recent Customer
JK-15370,4,44.0,17,2709.632,B,Recent Customer
CS-12355,0,6.0,22,3202.1620000000003,A,Others
JE-15610,3,48.0,20,7754.976,A,Best Customer
TP-21415,4,104.0,10,5329.0048,B,Recent Customer
AR-10825,0,58.0,13,4523.336,B,Recent Customer
BC-11125,3,202.0,18,2933.6760000000004,A,Others
JK-15325,4,287.0,4,383.812,C,Almost Lost
JK-16090,3,28.0,9,3747.668,B,Recent Customer
CM-11815,2,131.0,10,1673.8880000000001,C,Recent Customer
EH-13990,2,405.0,8,825.95,C,Almost Lost
EM-14095,3,113.0,10,1041.0420000000001,C,Recent Customer
AH-10585,1,21.0,5,738.504,C,Recent Customer
AG-10495,1,78.0,21,2356.855,B,Others
MA-17995,0,186.0,12,2453.2840000000006,B,Recent Customer
VF-21715,4,13.0,11,847.944,B,Recent Customer
EP-13915,4,12.0,31,5478.0608,A,Others
RS-19870,3,19.0,3,22.328,C,Recent Customer
KW-16570,3,771.0,5,449.096,C,Lost Cheap Customer
PK-18910,2,483.0,3,1441.1520000000003,C,Almost Lost
JJ-15760,2,753.0,3,195.0,C,Lost Cheap Customer
GT-14635,0,56.0,6,9351.212,B,Others
DJ-13510,3,48.0,13,2501.688,B,Recent Customer
AG-10330,0,8.0,9,660.972,C,Recent Customer
MC-17590,0,51.0,17,2426.0669999999996,B,Recent Customer
PG-18820,3,36.0,26,3086.907,A,Others
JP-16135,0,102.0,13,1707.71,B,Recent Customer
DM-13015,0,57.0,20,6345.103,A,Others
AY-10555,1,14.0,10,497.014,C,Recent Customer
CS-11950,0,25.0,22,3036.547,A,Others
MS-17980,0,26.0,11,855.116,B,Recent Customer
JH-15430,3,5.0,7,309.281,C,Recent Customer
MG-17875,2,116.0,7,1242.833,C,Recent Customer
CS-12460,0,27.0,6,550.644,C,Recent Customer
KN-16705,0,98.0,15,2280.58,B,Recent Customer
WB-21850,2,20.0,37,6160.102,A,Others
AF-10870,1,41.0,16,2052.908,B,Recent Customer
TS-21505,1,11.0,14,2243.274,B,Recent Customer
EB-14110,0,113.0,11,3071.1259999999997,B,Recent Customer
EG-13900,3,22.0,9,1832.02,C,Recent Customer
NB-18655,0,19.0,17,1972.599,B,Recent Customer
MZ-17515,0,282.0,10,2564.906,C,Almost Lost
QJ-19255,2,25.0,13,6108.338,B,Recent Customer
GA-14725,0,5.0,22,1398.382,B,Others
PW-19030,0,46.0,13,3454.916,B,Recent Customer
PO-19195,4,86.0,10,1056.858,C,Recent Customer
LO-17170,0,2.0,9,644.35,C,Recent Customer
EM-13960,0,151.0,6,933.7040000000001,C,Recent Customer
DB-13210,1,9.0,21,2332.5769999999998,B,Others
MC-17575,0,27.0,11,1303.893,B,Recent Customer
NF-18595,0,114.0,12,2031.4720000000002,B,Recent Customer
ES-14020,2,40.0,8,3510.458,B,Recent Customer
BW-11110,1,121.0,17,4750.358,B,Recent Customer
TS-21370,2,36.0,15,11891.751,A,Others
RD-19900,2,114.0,21,3133.924,A,Others
PH-18790,2,70.0,2,729.6480000000001,C,Recent Customer
MM-18055,2,61.0,19,2749.881,B,Others
ML-17755,3,29.0,13,2071.9139999999998,B,Recent Customer
VP-21730,0,30.0,5,993.902,C,Recent Customer
AM-10360,1,28.0,12,814.012,B,Recent Customer
ME-17725,0,28.0,13,1908.4532,B,Recent Customer
JS-15595,2,119.0,8,1417.654,C,Recent Customer
ZD-21925,3,202.0,9,1493.9440000000002,C,Recent Customer
CC-12370,2,43.0,11,12129.072,A,Others
LC-16885,1,16.0,23,7663.126,A,Best Customer
EC-14050,2,53.0,7,461.914,C,Recent Customer
PM-19135,0,51.0,7,4115.662,B,Recent Customer
HM-14980,2,247.0,7,736.2760000000001,C,Almost Lost
SE-20110,0,9.0,19,12209.438000000002,A,Best Customer
TN-21040,1,90.0,12,3130.221,B,Recent Customer
GG-14650,1,43.0,24,2224.0,B,Others
TM-21010,2,103.0,19,2955.2259999999997,A,Others
MS-17710,1,413.0,15,1613.402,C,Almost Lost
LT-16765,1,26.0,3,329.876,C,Recent Customer
JG-15805,0,223.0,9,1507.018,C,Almost Lost
RK-19300,0,119.0,8,1460.192,C,Recent Customer
CW-11905,1,22.0,11,1136.592,B,Recent Customer
RP-19855,0,28.0,15,2170.716,B,Recent Customer
TS-21340,1,226.0,12,974.782,C,Almost Lost
JH-16180,0,404.0,5,2256.3940000000002,C,Almost Lost
MM-17920,4,7.0,16,3794.08,B,Recent Customer
JH-15820,2,174.0,8,528.91,C,Recent Customer
MO-17500,0,72.0,5,922.4870000000001,C,Recent Customer
KC-16540,0,97.0,5,3908.262,B,Recent Customer
CH-12070,3,691.0,4,1537.236,C,Lost Cheap Customer
EA-14035,2,152.0,25,2846.705,A,Others
DB-13060,0,16.0,13,4531.646000000001,B,Recent Customer
DR-12940,0,50.0,13,8350.868,A,Others
SV-20365,0,101.0,32,11470.95,A,Best Customer
LS-17230,2,777.0,6,368.88,C,Lost Cheap Customer
MG-18205,1,264.0,2,16.739000000000004,C,Almost Lost
JF-15190,2,65.0,19,2279.5860000000002,B,Others
JL-15505,1,49.0,17,3173.874,B,Recent Customer
VD-21670,0,581.0,16,6442.254,C,Lost Customer
SV-20935,2,2.0,13,1903.491,B,Recent Customer
RA-19885,2,43.0,15,3832.3140000000003,B,Recent Customer
LS-17200,2,96.0,14,1010.2560000000001,B,Recent Customer
DL-12865,3,100.0,14,1503.112,B,Recent Customer
DB-13660,0,12.0,10,1155.202,C,Recent Customer
AH-10075,1,34.0,20,3250.337,A,Others
BD-11725,1,93.0,10,1526.5,C,Recent Customer
DB-13360,2,264.0,6,1081.4660000000001,C,Almost Lost
KB-16315,2,296.0,22,1569.4640000000002,B,Loyal Customer
GM-14440,3,83.0,11,3582.8199999999997,B,Recent Customer
BT-11680,1,20.0,20,3196.752,A,Others
CS-12490,2,424.0,9,1077.2285000000002,C,Almost Lost
MM-17260,0,168.0,6,1314.0230000000001,C,Recent Customer
JD-16150,0,41.0,17,8828.030499999999,A,Others
TZ-21580,2,35.0,9,1707.286,C,Recent Customer
AS-10225,0,22.0,13,4260.784,B,Recent Customer
MD-17860,3,36.0,8,1204.91,C,Recent Customer
BD-11635,0,9.0,5,582.6460000000001,C,Recent Customer
IG-15085,3,71.0,7,744.5740000000001,C,Recent Customer
CB-12535,0,197.0,19,4246.4555,A,Others
LC-16930,3,41.0,14,4492.946,B,Recent Customer
MB-18085,4,44.0,10,1428.2310000000002,C,Recent Customer
LB-16795,3,152.0,24,4985.676,A,Others
NZ-18565,1,85.0,20,2488.31,B,Others
DS-13030,1,93.0,19,1762.213,B,Others
FH-14365,0,5.0,13,6987.196000000001,B,Recent Customer
LE-16810,0,21.0,9,1469.45,C,Recent Customer
SM-20905,0,606.0,6,1043.0410000000002,C,Lost Cheap Customer
LS-16945,1,178.0,14,2845.2700000000004,B,Recent Customer
BG-11740,0,57.0,7,1006.356,C,Recent Customer
CM-12715,4,1035.0,13,3984.4524,C,Lost Customer
RW-19690,1,79.0,15,3495.646,B,Recent Customer
RC-19960,0,110.0,11,885.7520000000001,B,Recent Customer
ML-18040,2,79.0,4,742.082,C,Recent Customer
IL-15100,1,142.0,14,5040.736000000001,B,Recent Customer
HL-15040,3,43.0,11,12873.297999999999,A,Others
JE-16165,1,20.0,7,2697.248,C,Recent Customer
JM-15580,1,0.0,7,303.948,C,Recent Customer
MC-17425,0,399.0,10,4432.138,C,Almost Lost
PW-19240,0,464.0,12,3922.4150000000004,B,Others
VM-21835,4,117.0,8,380.69,C,Recent Customer
EK-13795,3,44.0,4,1303.478,C,Recent Customer
CD-12790,1,399.0,15,1860.732,C,Almost Lost
PO-18865,2,0.0,13,2493.214,B,Recent Customer
TC-21475,0,153.0,11,1244.976,B,Recent Customer
NC-18535,4,6.0,15,8241.739,A,Others
PB-19150,0,97.0,11,1456.95,B,Recent Customer
MJ-17740,0,22.0,15,6320.746,B,Recent Customer
SB-20185,1,188.0,12,6410.996,B,Recent Customer
CD-11980,0,54.0,6,639.766,C,Recent Customer
HA-14905,2,69.0,10,2163.3,C,Recent Customer
GZ-14545,0,157.0,5,2454.622,C,Recent Customer
AO-10810,0,501.0,1,161.28,C,Almost Lost
SC-20680,1,126.0,8,1254.64,C,Recent Customer
RB-19360,2,96.0,18,15117.339,A,Best Customer
HM-14860,1,2.0,20,8236.7648,A,Best Customer
TT-21460,4,12.0,14,5364.808,B,Recent Customer
GM-14500,0,106.0,13,1255.682,B,Recent Customer
DG-13300,0,32.0,8,3195.818,B,Recent Customer
JF-15565,2,54.0,16,4198.332,B,Recent Customer
KB-16240,1,4.0,10,3152.6150000000002,B,Recent Customer
JO-15280,1,92.0,11,1934.272,B,Recent Customer
TT-21265,0,406.0,3,439.5,C,Almost Lost
SH-20635,2,765.0,2,2096.3920000000003,C,Lost Cheap Customer
LW-16825,3,88.0,15,2238.061,B,Recent Customer
HP-14815,1,30.0,10,1990.3139999999999,C,Recent Customer
KM-16375,1,56.0,20,5620.186,A,Others
BT-11395,3,302.0,10,2186.6130000000003,C,Almost Lost
BS-11380,0,28.0,13,3887.8340000000003,B,Recent Customer
CK-12325,0,120.0,12,2945.321,B,Recent Customer
AS-10240,1,192.0,13,584.6080000000001,B,Recent Customer
BE-11335,0,119.0,9,4204.676,B,Recent Customer
DK-12835,2,21.0,27,3256.48,A,Others
AH-10195,0,55.0,8,1587.4520000000002,C,Recent Customer
MW-18235,3,44.0,3,5253.876,B,Recent Customer
LP-17095,0,9.0,15,3653.399,B,Recent Customer
SL-20155,0,70.0,9,3053.012,B,Recent Customer
JL-15235,3,119.0,10,2203.7000000000003,C,Recent Customer
RD-19660,1,114.0,5,2786.632,C,Recent Customer
LS-17245,4,34.0,12,1008.1360000000001,B,Recent Customer
JM-16195,2,57.0,19,2833.926,A,Others
EJ-13720,3,302.0,8,2162.174,C,Almost Lost
GB-14530,2,62.0,20,1568.44,B,Others
JG-15310,4,2.0,11,2240.58,B,Recent Customer
MY-17380,1,29.0,13,2254.2850000000003,B,Recent Customer
PP-18955,1,97.0,34,7252.608,A,Best Customer
KH-16360,0,1.0,14,3100.612,B,Recent Customer
AI-10855,0,13.0,18,4375.786,A,Others
EH-14185,0,105.0,8,923.8839999999999,C,Recent Customer
CA-12310,0,13.0,11,1421.954,B,Recent Customer
LD-16855,1,552.0,1,5.304,C,Almost Lost
PB-19210,0,688.0,2,132.738,C,Lost Cheap Customer
LB-16735,1,48.0,3,50.188,C,Recent Customer
CV-12805,0,5.0,19,2370.3136,B,Others
TB-21055,0,119.0,18,1467.881,B,Others
DL-13495,0,76.0,12,3539.322,B,Recent Customer
KC-16675,1,57.0,7,1146.05,C,Recent Customer
MG-17650,3,29.0,14,3785.276,B,Recent Customer
CC-12670,0,29.0,14,2269.7015,B,Recent Customer
CB-12415,2,26.0,12,1949.1999999999998,B,Recent Customer
JO-15145,1,57.0,13,3254.949,B,Recent Customer
TH-21115,0,58.0,9,2942.772,B,Recent Customer
HA-14920,3,20.0,18,2584.158,B,Others
BT-11305,0,336.0,9,2567.656,C,Almost Lost
CC-12220,3,20.0,22,3913.4179999999997,A,Others
CB-12025,0,47.0,26,6076.139,A,Others
KE-16420,3,26.0,15,1686.7312,B,Recent Customer
BF-11080,4,25.0,6,272.95,C,Recent Customer
BF-11020,4,74.0,21,2888.5060000000003,A,Others
AT-10435,1,21.0,9,1171.814,C,Recent Customer
LD-17005,2,414.0,7,1961.934,C,Almost Lost
TC-21295,0,27.0,16,4266.812,B,Recent Customer
MH-18115,1,5.0,22,5503.093,A,Others
AJ-10780,2,75.0,15,4867.344,B,Recent Customer
DW-13540,0,98.0,9,344.08000000000004,C,Recent Customer
DV-13465,1,29.0,15,3341.5870000000004,B,Recent Customer
JS-15940,2,463.0,8,469.16900000000004,C,Almost Lost
NP-18325,2,25.0,21,5529.62,A,Others
ME-18010,1,92.0,6,1256.9440000000002,C,Recent Customer
CS-12400,1,2.0,14,3651.8585000000003,B,Recent Customer
HG-14965,0,23.0,17,3247.642,B,Recent Customer
TT-21220,1,183.0,15,1427.0439999999999,B,Recent Customer
CS-11860,2,162.0,7,537.6320000000001,C,Recent Customer
TS-21205,2,198.0,19,5371.09,A,Others
GR-14560,0,1135.0,5,1284.3799999999999,C,Lost Cheap Customer
RW-19540,1,120.0,23,7397.401,A,Best Customer
Co-12640,1,549.0,8,1300.076,C,Almost Lost
KA-16525,0,36.0,11,1519.506,B,Recent Customer
